accession,tier,publication_PMID_DOI,platform,data_type,n_total,n_HPV_pos,n_HPV_neg,n_HPV_active_inactive,hpv_detection_method,hpv_evidence_level_expected,n_oral_cavity,n_oropharynx,other_HN_subsites,sample_material,primary_metastatic_recurrent,clinical_variables,survival_data,smoking_alcohol,raw_data,processed_matrix,core_genes_measurable,recommended_use,major_limitations,inclusion_decision,exclusion_reason,verification_status,source_urls
GSE72536,Bulk,"Wood O, et al. Oncotarget 2016（TIL-rich HPV-driven HNSCC B-cell signature）；PMC5302866；PMID 尚待確認",Illumina HiSeq 2000（single-end 35 bp；依原始論文）,Bulk RNA-seq,尚待確認（論文分析 23 例 TIL-high/med；GEO series 總數需核對）,10（論文分析 subset）,13（論文分析 subset）；既往您的分析 subset 為 4,無（僅 HPV⁺/⁻）,尚待確認（需讀原文 Methods：p16 IHC 與／或 HPV DNA ISH/PCR）,C 或 D（待確認；若僅 p16 則為 D）,尚待確認,尚待確認（論文指出 HPV-driven 多位於 oropharynx/tonsil/base of tongue）,尚待確認,Tumor（TIL-high/med 篩選）,尚待確認,尚待確認,尚待確認,尚待確認,SRA（待確認）,尚待確認,RNA-seq：預期 5 個皆可測（需以 counts 確認）,Discovery（OPSCC/mixed）；TIL-high 篩選偏差需註明,樣本經 TIL 密度篩選→免疫相關結果不可外推；HPV⁻ 樣本部位可能以 non-oropharynx 為主（site confounding）；10 vs 4 subset 可能源於部位限制（待 02 腳本比對）,Conditional include（secondary/sensitivity；primary 視 oral cavity n）,,二手來源（WebSearch 摘要／引用文獻）；GEO 頁面在本環境被網路政策封鎖，未能逐一 GSM 核對 → 必須執行 01+02 腳本核實,https://www.ncbi.nlm.nih.gov/geo/query/acc.cgi?acc=GSE72536 ; https://pmc.ncbi.nlm.nih.gov/articles/PMC5302866/
GSE55544,Bulk,尚待確認,衝突待核：一來源記為 Agilent-039494 SurePrint G3 Human GE v2 8x60K；另一來源記為 Affymetrix U133 Plus 2.0,Microarray,尚待確認,11（二手文獻引用）,8（二手文獻引用）,尚待確認,尚待確認,E（待確認）,尚待確認（二手描述為 oral and oropharyngeal）,尚待確認,尚待確認,Tumor（待確認）,尚待確認,尚待確認,尚待確認,尚待確認,尚待確認,尚待確認,尚待確認,Discovery（若 GSM 可區分 oral vs oropharynx）,平台資訊互相矛盾；HPV 判定方法不明；同系列 GSE55543 為 HPV⁻ OPSCC 的種族比較，GSE55542 可能為 SuperSeries（待確認）,Conditional include（待 GSM 稽核）,尚待確認,二手來源（WebSearch 摘要／引用文獻）；GEO 頁面在本環境被網路政策封鎖，未能逐一 GSM 核對 → 必須執行 01+02 腳本核實,https://www.ncbi.nlm.nih.gov/geo/query/acc.cgi?acc=GSE55544 ; https://www.omicsdi.org/dataset/geo/GSE55543
GSE55542,Bulk,尚待確認,尚待確認,Microarray（待確認）,尚待確認,尚待確認,尚待確認,尚待確認,尚待確認,尚待確認,尚待確認,尚待確認,尚待確認,尚待確認,尚待確認,尚待確認,尚待確認,尚待確認,尚待確認,尚待確認,尚待確認,僅稽核：確認是否為 GSE55543/GSE55544 之 SuperSeries，避免重複計入樣本,可能與 GSE55544 樣本重疊 → 不可與 GSE55544 同時作為獨立資料集,Audit only（避免重複）,疑似 SuperSeries／樣本重疊（待確認）,二手來源（WebSearch 摘要／引用文獻）；GEO 頁面在本環境被網路政策封鎖，未能逐一 GSM 核對 → 必須執行 01+02 腳本核實,https://www.ncbi.nlm.nih.gov/geo/query/acc.cgi?acc=GSE55542
GSE3292,Bulk,"Slebos RJ, et al. Clin Cancer Res 2006;12(3):701；DOI 10.1158/1078-0432.CCR-05-2017",Affymetrix Human Genome U133 Plus 2.0（GPL570）,Microarray,36（二手文獻）,8,28,無,尚待確認（原文 Methods）,C（若為 DNA PCR；待確認）,尚待確認,尚待確認,尚待確認（mixed HNSCC）,Tumor,尚待確認,尚待確認,尚待確認,尚待確認,CEL（GPL570，預期有）,尚待確認,GPL570 有 OGT、MGEA5、MTHFD2、CORO1A、CD274 probes（需以 02 腳本確認）,Discovery（sensitivity；若 site 可分則 primary/secondary）,HPV⁺ 僅 8 例；2006 年 HPV 判定可能僅 DNA,Include（sensitivity；site 分層視 GSM）,尚待確認,二手來源（WebSearch 摘要／引用文獻）；GEO 頁面在本環境被網路政策封鎖，未能逐一 GSM 核對 → 必須執行 01+02 腳本核實,https://www.ncbi.nlm.nih.gov/geo/query/acc.cgi?acc=GSE3292 ; https://doi.org/10.1158/1078-0432.CCR-05-2017
GSE6791,Bulk,"Pyeon D, et al. Cancer Res 2007;67(10):4605；DOI 10.1158/0008-5472.CAN-06-3619；PMC2858285",Affymetrix U133 Plus 2.0（GPL570）,Microarray（腫瘤 <90% 者 laser microdissection）,84（42 HNC、14 normal HN、20 cervical cancer、8 normal cervix）,尚待確認（HNC 中；需 GSM 核對）,尚待確認,無,HPV PCR 分型（HNC/CC 中偵測 HPV16/18/33/31/35/55/66）；RNA 活性待確認,C（待確認）,尚待確認,尚待確認,尚待確認,Tumor + normal（HN 與 cervix）,尚待確認,尚待確認,尚待確認,尚待確認,CEL（預期有）,尚待確認,GPL570（同上）,Discovery（HNC tumor only；cervix 樣本排除，可作 HPV biology 參照）,LCM 會降低免疫/基質訊號→CORO1A、CD274 解讀不同於 bulk；HNC 部位混合,Include（HN tumor subset）,Cervical 與 normal 樣本不納入 HPV⁺ vs HPV⁻ HN DEG,二手來源（WebSearch 摘要／引用文獻）；GEO 頁面在本環境被網路政策封鎖，未能逐一 GSM 核對 → 必須執行 01+02 腳本核實,https://www.ncbi.nlm.nih.gov/geo/query/acc.cgi?acc=GSE6791 ; https://pmc.ncbi.nlm.nih.gov/articles/PMC2858285/
GSE40774,Bulk,尚待確認,尚待確認（二手文獻記為 Agilent）,Microarray,尚待確認,尚待確認,尚待確認,尚待確認,尚待確認,尚待確認,尚待確認,尚待確認,尚待確認,尚待確認,尚待確認,尚待確認,尚待確認,尚待確認,尚待確認,尚待確認,尚待確認,待 GSM 稽核後決定,本次搜尋未能取得可靠 series 描述,Pending audit,尚待確認,未能核實（搜尋無可靠結果）,https://www.ncbi.nlm.nih.gov/geo/query/acc.cgi?acc=GSE40774
GSE65858,Bulk / Clinical,"Wichmann G, et al. Int J Cancer 2015（HPV RNA status、immune response cluster、TP53）；PMID 尚待確認",Illumina HumanHT-12 V4.0（GPL10558）,Microarray,270 tumor arrays（QC 後）,尚待確認,尚待確認,有 HPV16 DNA 與 RNA 狀態 → 可分 DNA⁺RNA⁺（active）/ DNA⁺RNA⁻（inactive）/ DNA⁻（數量待確認）,HPV16 DNA + HPV16 RNA（E6*I 等轉錄本）,A,尚待確認,尚待確認,hypopharynx、larynx（數量待確認）,Tumor,Primary（待確認）,age、sex、TNM、site、treatment、HPV16 DNA/RNA（待 GSM 確認）,OS、PFS（預期有）,預期有（待確認）,non-normalized 待確認,Series matrix,GPL10558（需確認 MGEA5 probe 註解）,主要 validation + survival + HPV-active/inactive 比較 + WGCNA,HPV16 only；部位混合；歐洲 cohort,Include（核心 validation/clinical cohort）,尚待確認,二手來源（WebSearch 摘要／引用文獻）；GEO 頁面在本環境被網路政策封鎖，未能逐一 GSM 核對 → 必須執行 01+02 腳本核實,https://www.ncbi.nlm.nih.gov/geo/query/acc.cgi?acc=GSE65858 ; https://www.omicsdi.org/dataset/geo/GSE65858
GSE74927,Bulk（新增建議）,"Koneva LA, et al. Mol Cancer Res 2018;16(1):90；DOI 10.1158/1541-7786.MCR-17-0153；PMID 28928286；PMC5752568",Illumina RNA-seq（待確認型號）,Bulk RNA-seq,84 HNSCC tumors（論文）,尚待確認,尚待確認,可由 HPV transcript 與 integration 狀態推得（待確認）,RNA-seq HPV reads／integration（expressed integration events）,A/B,尚待確認,尚待確認,尚待確認,尚待確認,尚待確認,尚待確認,尚待確認,尚待確認,尚待確認,尚待確認,尚待確認,HPV-active 相關分析；HPV integration 與 CD274 關聯（論文報告 CD274 為 recurrent integration site 之一）,部位混合；需確認 counts 是否公開,Conditional include（新增；待稽核）,尚待確認,二手來源（WebSearch 摘要／引用文獻）；GEO 頁面在本環境被網路政策封鎖，未能逐一 GSM 核對 → 必須執行 01+02 腳本核實,https://pmc.ncbi.nlm.nih.gov/articles/PMC5752568/ ; https://www.ncbi.nlm.nih.gov/geo/query/acc.cgi?acc=GSE74927
GSE112026,Supplementary,"Guo T, et al.（JHU；HPV⁺ OPSCC AKT3 splice variant）；PMID 尚待確認",Illumina HiSeq 2500,Bulk RNA-seq,46 HPV⁺ OPSCC + 25 normal UPPP（二手）,46（二手）,0,尚待確認,尚待確認,尚待確認,尚待確認,46（二手）,尚待確認,尚待確認,尚待確認,尚待確認,尚待確認,尚待確認,尚待確認,尚待確認,尚待確認,HPV⁺ OPSCC subgroup characterization（核心基因分布、tumor vs normal）,無 HPV⁻ tumor,Supplementary only,只有 HPV⁺：不可用於 HPV⁺ vs HPV⁻ DEG,二手來源（WebSearch 摘要／引用文獻）；GEO 頁面在本環境被網路政策封鎖，未能逐一 GSM 核對 → 必須執行 01+02 腳本核實,https://www.ncbi.nlm.nih.gov/geo/query/acc.cgi?acc=GSE112026
GSE40020,Supplementary,PMC4542789（HPV⁺ HNSCC chemoradiation response）,尚待確認,Microarray（RMA）,19（二手）,19,0,尚待確認,HPV16 E7 DNA 與 RNA PCR,A,尚待確認,尚待確認,尚待確認,尚待確認,尚待確認,尚待確認,尚待確認,尚待確認,尚待確認,尚待確認,尚待確認,HPV⁺ 內部治療反應 subgroup（hypothesis support）,只有 HPV⁺；樣本小,Supplementary only,只有 HPV⁺,二手來源（WebSearch 摘要／引用文獻）；GEO 頁面在本環境被網路政策封鎖，未能逐一 GSM 核對 → 必須執行 01+02 腳本核實,https://pmc.ncbi.nlm.nih.gov/articles/PMC4542789/ ; https://www.ncbi.nlm.nih.gov/geo/query/acc.cgi?acc=GSE40020
GSE41613,Supplementary / Clinical,"Lohavanichbutr P, et al. 2013（HPV-negative OSCC prognostic signature）；PMID 尚待確認",Affymetrix U133 Plus 2.0（GPL570；待確認）,Microarray,97（常被引用；待確認）,0（HPV⁻ OSCC cohort）,全部（待確認）,尚待確認,尚待確認,尚待確認,全部為 oral cavity（待確認）,尚待確認,尚待確認,尚待確認,尚待確認,尚待確認,有（常用於 OSCC 預後驗證）,尚待確認,尚待確認,尚待確認,尚待確認,HPV⁻ oral cavity 內的存活驗證（核心基因預後）,無 HPV⁺,Supplementary only（clinical validation）,只有 HPV⁻,二手來源（WebSearch 摘要／引用文獻）；GEO 頁面在本環境被網路政策封鎖，未能逐一 GSM 核對 → 必須執行 01+02 腳本核實,https://www.ncbi.nlm.nih.gov/geo/query/acc.cgi?acc=GSE41613
GSE184616,Supplementary,尚待確認,尚待確認,尚待確認,尚待確認,尚待確認,尚待確認,尚待確認,尚待確認,尚待確認,尚待確認,尚待確認,尚待確認,尚待確認,尚待確認,尚待確認,尚待確認,尚待確認,尚待確認,尚待確認,尚待確認,待稽核,本次搜尋無任何可靠描述,Pending audit,尚待確認,未能核實,https://www.ncbi.nlm.nih.gov/geo/query/acc.cgi?acc=GSE184616
GSE162519,Supplementary,尚待確認,尚待確認,尚待確認,尚待確認,尚待確認,尚待確認,尚待確認,尚待確認,尚待確認,尚待確認,尚待確認,尚待確認,尚待確認,尚待確認,尚待確認,尚待確認,尚待確認,尚待確認,尚待確認,尚待確認,待稽核,本次搜尋無任何可靠描述,Pending audit,尚待確認,未能核實,https://www.ncbi.nlm.nih.gov/geo/query/acc.cgi?acc=GSE162519
GSE164690,Single-cell,"Kürten CHL, et al. Nat Commun 2021（immune and non-immune cell interactions in HN tumors）；PMID 尚待確認",10x Genomics（待確認）,scRNA-seq（CD45⁺ 與 CD45⁻ 分選；PBMC）,尚待確認,尚待確認,尚待確認,尚待確認,尚待確認,待確認（常為 p16 → D）,尚待確認,尚待確認,尚待確認,Tumor（CD45⁺/CD45⁻）+ PBMC,尚待確認,尚待確認,尚待確認,尚待確認,尚待確認,per-sample count matrices（GEO supplementary）,可（scRNA dropout：OGT/OGA 可能偵測率低）,主要 single-cell cohort：CORO1A/CD274 細胞來源、malignant 內 MTHFD2/OGT,病人數有限→patient-level 推論 power 低；HPV 判定可能僅 p16,Include（primary sc）,尚待確認,二手來源（WebSearch 摘要／引用文獻）；GEO 頁面在本環境被網路政策封鎖，未能逐一 GSM 核對 → 必須執行 01+02 腳本核實,https://www.ncbi.nlm.nih.gov/geo/query/acc.cgi?acc=GSE164690 ; https://explore.data.humancellatlas.org/projects/40bb5783-c924-4d19-b6cb-d26a8d3ae1d8
GSE139324,Single-cell,"Cillo AR, et al. Immunity 2020；PMID 31924475",10x Genomics,scRNA-seq（CD45⁺ immune only）,"63 samples；131,224 cells",8 patients,18 patients,尚待確認,尚待確認,尚待確認,尚待確認,尚待確認,尚待確認,Paired PBMC + TIL（CD45⁺）；6 healthy PBMC；5 tonsil,尚待確認,尚待確認,尚待確認,尚待確認,尚待確認,尚待確認,尚待確認,免疫細胞（NK/CD8/Treg/macrophage）HPV 差異；CORO1A 在免疫細胞的表現,無 malignant/stromal cells → 無法評估腫瘤細胞內在 CD274/MTHFD2/OGT,Include（immune-only sc）,尚待確認,二手來源（WebSearch 摘要／引用文獻）；GEO 頁面在本環境被網路政策封鎖，未能逐一 GSM 核對 → 必須執行 01+02 腳本核實,https://pubmed.ncbi.nlm.nih.gov/31924475/ ; https://www.omicsdi.org/dataset/geo/GSE139324
GSE182227,Single-cell（新增建議）,"Puram SV, et al. Nat Genet 2023（HPV-related OPSCC cellular states）；PMID 尚待確認",10x Genomics,scRNA-seq,"70,970 cells",11 tumors,5 tumors,尚待確認,尚待確認,可能有 HPV transcript（scRNA 讀段）→ A/B（待確認）,尚待確認,16（OPSCC）,尚待確認,尚待確認,尚待確認,尚待確認,尚待確認,尚待確認,尚待確認,尚待確認,尚待確認,OPSCC malignant cells HPV⁺ vs HPV⁻ 之 pathway score；HPV transcript 異質性,僅 OPSCC，不代表 oral cavity,Include（secondary sc）,尚待確認,二手來源（WebSearch 摘要／引用文獻）；GEO 頁面在本環境被網路政策封鎖，未能逐一 GSM 核對 → 必須執行 01+02 腳本核實,https://www.omicsdi.org/dataset/geo/GSE182227
GSE173468,Single-cell,尚待確認,尚待確認,scRNA-seq（HNSCC metastatic lesions；二手）,尚待確認,尚待確認,尚待確認,尚待確認,尚待確認,尚待確認,尚待確認,尚待確認,尚待確認,尚待確認,尚待確認,尚待確認,尚待確認,尚待確認,尚待確認,尚待確認,尚待確認,待確認是否有 HPV 註記,HPV 狀態未知；轉移病灶,Pending audit,尚待確認,二手來源（WebSearch 摘要／引用文獻）；GEO 頁面在本環境被網路政策封鎖，未能逐一 GSM 核對 → 必須執行 01+02 腳本核實,https://pmc.ncbi.nlm.nih.gov/articles/PMC11464629/
GSE122512,Cell line（待確認）,尚待確認,尚待確認,尚待確認,尚待確認,尚待確認,尚待確認,尚待確認,尚待確認,尚待確認,尚待確認,尚待確認,尚待確認,尚待確認,尚待確認,尚待確認,尚待確認,尚待確認,尚待確認,尚待確認,尚待確認,待確認是否為 cell-line 或病人樣本（二手描述不一致）,尚待確認,Pending audit,尚待確認,未能核實,https://www.ncbi.nlm.nih.gov/geo/query/acc.cgi?acc=GSE122512
GSE62027,Cell line,尚待確認,尚待確認,Expression（cell lines）,尚待確認,3 lines：93VU147T、UM-SCC-47（SCC047）、UPCI:SCC090,3 lines：SCC61、SCC25、SQ20B；另 HaCaT,尚待確認,尚待確認,尚待確認,尚待確認,尚待確認,尚待確認,Cell lines,尚待確認,尚待確認,尚待確認,尚待確認,尚待確認,尚待確認,尚待確認,細胞株層級核心基因基線表現（含您的 HPV⁺ 模型 SCC47）,細胞株數少、無 SCC1/SCC6/SCC104,Include（functional reference）,尚待確認,二手來源（WebSearch 摘要／引用文獻）；GEO 頁面在本環境被網路政策封鎖，未能逐一 GSM 核對 → 必須執行 01+02 腳本核實,https://www.ncbi.nlm.nih.gov/geo/query/acc.cgi?acc=GSE62027
TCGA-HNSC,Clinical / Bulk,TCGA Network. Nature 2015;517:576；DOI 10.1038/nature14129,Illumina RNA-seq,Bulk RNA-seq,約 500+ tumors（RNA-seq）,2015 論文 279 例中 36 例（>1000 E6/E7 reads）,243（279 例 subset）,尚待確認,RNA-seq HPV reads（E6/E7）；另有臨床 p16/ISH,B（RNA）；臨床 p16 → D,多數（確切數依 subdivision）,少數,尚待確認,尚待確認,尚待確認,尚待確認,OS、PFI（PanCanAtlas）,有,尚待確認,尚待確認,全部,Oral cavity 存活驗證、HPV × gene interaction、purity-adjusted 分析,HPV⁺ oral cavity 極少→primary 層 power 不足,Include（clinical validation）,尚待確認,HPV 數字取自 TCGA 2015 Nature（WebSearch 摘要）,https://www.nature.com/articles/nature14129
